tanggal,prediksi,prob_hujan,prob_tidak_hujan,rekomendasi
26-05-2026,HUJAN,78.38,21.62,Tunda Tanam
02-06-2026,TIDAK HUJAN,36.7,63.3,Waktu Tanam Baik
02-06-2026 19:57:06,TIDAK HUJAN,36.7,63.3,Waktu Tanam Baik
03-06-2026 16:14:16,HUJAN,75.94,24.06,Tunda Tanam
03-06-2026 16:28:25,HUJAN,75.94,24.06,Tunda Tanam
03-06-2026 16:33:04,HUJAN,75.94,24.06,Tunda Tanam
03-06-2026 16:37:52,HUJAN,75.94,24.06,Tunda Tanam
03-06-2026 16:39:18,HUJAN,75.94,24.06,Tunda Tanam
05-06-2026 20:30:50,HUJAN,68.47,31.53,Tunda Tanam
05-06-2026 20:32:56,HUJAN,68.47,31.53,Tunda Tanam
05-06-2026 20:46:06,HUJAN,68.47,31.53,Tunda Tanam
05-06-2026 20:49:26,HUJAN,68.47,31.53,Tunda Tanam
05-06-2026 21:52:53,HUJAN,68.47,31.53,Tunda Tanam
05-06-2026 21:57:54,HUJAN,68.47,31.53,Tunda Tanam
05-06-2026 21:58:59,HUJAN,68.47,31.53,Tunda Tanam
05-06-2026 22:01:06,HUJAN,68.47,31.53,Tunda Tanam
05-06-2026 22:15:46,HUJAN,68.47,31.53,Tunda Tanam
05-06-2026 22:16:51,HUJAN,68.47,31.53,Tunda Tanam
05-06-2026 22:17:56,HUJAN,68.47,31.53,Tunda Tanam
05-06-2026 22:19:01,HUJAN,68.47,31.53,Tunda Tanam
05-06-2026 22:20:08,HUJAN,68.47,31.53,Tunda Tanam
05-06-2026 22:21:13,HUJAN,68.47,31.53,Tunda Tanam
05-06-2026 22:22:17,HUJAN,68.47,31.53,Tunda Tanam
05-06-2026 22:22:35,HUJAN,68.47,31.53,Tunda Tanam
05-06-2026 22:25:35,HUJAN,68.47,31.53,Tunda Tanam
05-06-2026 22:26:39,HUJAN,68.47,31.53,Tunda Tanam
05-06-2026 22:27:44,HUJAN,68.47,31.53,Tunda Tanam
05-06-2026 22:28:48,HUJAN,68.47,31.53,Tunda Tanam
05-06-2026 22:29:53,HUJAN,68.47,31.53,Tunda Tanam
05-06-2026 22:30:58,HUJAN,68.47,31.53,Tunda Tanam
05-06-2026 22:32:02,HUJAN,68.47,31.53,Tunda Tanam
05-06-2026 22:33:06,HUJAN,68.47,31.53,Tunda Tanam
05-06-2026 22:34:10,HUJAN,68.47,31.53,Tunda Tanam
05-06-2026 22:35:15,HUJAN,68.47,31.53,Tunda Tanam
05-06-2026 22:36:21,HUJAN,68.47,31.53,Tunda Tanam
05-06-2026 22:37:26,HUJAN,68.47,31.53,Tunda Tanam
05-06-2026 22:37:45,HUJAN,68.47,31.53,Tunda Tanam
05-06-2026 22:38:30,HUJAN,68.47,31.53,Tunda Tanam
05-06-2026 22:39:34,HUJAN,68.47,31.53,Tunda Tanam
05-06-2026 22:40:39,HUJAN,68.47,31.53,Tunda Tanam
05-06-2026 22:41:43,HUJAN,68.47,31.53,Tunda Tanam
05-06-2026 22:42:47,HUJAN,68.47,31.53,Tunda Tanam
05-06-2026 22:43:51,HUJAN,68.47,31.53,Tunda Tanam
05-06-2026 22:45:02,HUJAN,68.47,31.53,Tunda Tanam
06-06-2026 00:06:05,HUJAN,66.4,33.6,Tunda Tanam
06-06-2026 00:07:16,HUJAN,66.4,33.6,Tunda Tanam
06-06-2026 00:09:37,HUJAN,66.4,33.6,Tunda Tanam
06-06-2026 05:03:16,HUJAN,64.48,35.52,Tunda Tanam
06-06-2026 05:14:07,BERPOTENSI HUJAN,64.48,35.52,Pertimbangkan Menunda
06-06-2026 05:19:33,BERPOTENSI HUJAN,64.48,35.52,Pertimbangkan Menunda
06-06-2026 05:23:58,BERPOTENSI HUJAN,64.48,35.52,Pertimbangkan Menunda
09-06-2026 06:20:39,BERPOTENSI HUJAN,68.55,31.45,Pertimbangkan Menunda
09-06-2026 06:50:30,BERPOTENSI HUJAN,68.55,31.45,Pertimbangkan Menunda
09-06-2026 07:20:30,BERPOTENSI HUJAN,68.55,31.45,Pertimbangkan Menunda
09-06-2026 07:50:29,BERPOTENSI HUJAN,68.55,31.45,Pertimbangkan Menunda
09-06-2026 08:20:29,BERPOTENSI HUJAN,68.59,31.41,Pertimbangkan Menunda
09-06-2026 08:50:29,BERPOTENSI HUJAN,71.81,28.19,Pertimbangkan Menunda
09-06-2026 09:20:29,BERPOTENSI HUJAN,71.81,28.19,Pertimbangkan Menunda
09-06-2026 09:42:15,BERPOTENSI HUJAN,71.81,28.19,Pertimbangkan Menunda
09-06-2026 09:48:13,BERPOTENSI HUJAN,71.81,28.19,Pertimbangkan Menunda
09-06-2026 09:50:29,BERPOTENSI HUJAN,71.81,28.19,Pertimbangkan Menunda
09-06-2026 10:20:29,BERPOTENSI HUJAN,71.81,28.19,Pertimbangkan Menunda
09-06-2026 16:20:32,BERPOTENSI HUJAN,73.32,26.68,Pertimbangkan Menunda
11-06-2026 20:41:03,HUJAN,88.12,11.88,Tunda Tanam
11-06-2026 20:46:45,HUJAN,88.12,11.88,Tunda Tanam
11-06-2026 20:50:38,HUJAN,88.12,11.88,Tunda Tanam
11-06-2026 21:16:31,HUJAN,88.12,11.88,Tunda Tanam
11-06-2026 21:20:31,HUJAN,84.05,15.95,Tunda Tanam
11-06-2026 21:46:31,HUJAN,84.05,15.95,Tunda Tanam
11-06-2026 21:50:30,HUJAN,84.05,15.95,Tunda Tanam
11-06-2026 22:30:32,HUJAN,84.05,15.95,Tunda Tanam
11-06-2026 22:46:32,HUJAN,84.05,15.95,Tunda Tanam
11-06-2026 22:50:31,HUJAN,84.05,15.95,Tunda Tanam
11-06-2026 23:16:30,HUJAN,84.05,15.95,Tunda Tanam
11-06-2026 23:20:30,HUJAN,84.05,15.95,Tunda Tanam
11-06-2026 23:46:33,HUJAN,88.12,11.88,Tunda Tanam
11-06-2026 23:50:30,HUJAN,84.05,15.95,Tunda Tanam
12-06-2026 00:06:06,HUJAN,80.7,19.3,Tunda Tanam
12-06-2026 00:16:30,HUJAN,82.13,17.87,Tunda Tanam
12-06-2026 00:20:31,HUJAN,82.13,17.87,Tunda Tanam
29-06-2026 19:36:14,HUJAN,77.38,22.62,Tunda Tanam
29-06-2026 19:39:06,HUJAN,77.45,22.55,Tunda Tanam
29-06-2026 19:46:33,HUJAN,77.45,22.55,Tunda Tanam
29-06-2026 19:50:31,HUJAN,77.45,22.55,Tunda Tanam
30-06-2026 00:06:07,HUJAN,79.78,20.22,Tunda Tanam
30-06-2026 12:36:26,HUJAN,81.27,18.73,Tunda Tanam
14-07-2026 01:24:23,TIDAK HUJAN,14.88,85.12,Waktu Tanam Baik
14-07-2026 01:36:12,TIDAK HUJAN,14.88,85.12,Waktu Tanam Baik
14-07-2026 01:54:14,TIDAK HUJAN,4.36,95.64,Waktu Tanam Baik
14-07-2026 01:54:51,TIDAK HUJAN,4.36,95.64,Waktu Tanam Baik
14-07-2026 02:06:05,TIDAK HUJAN,4.3,95.7,Waktu Tanam Baik
14-07-2026 02:10:36,TIDAK HUJAN,4.3,95.7,Waktu Tanam Baik
14-07-2026 02:17:37,TIDAK HUJAN,4.3,95.7,Waktu Tanam Baik
14-07-2026 02:18:04,TIDAK HUJAN,4.3,95.7,Waktu Tanam Baik
14-07-2026 07:20:04,TIDAK HUJAN,8.05,91.95,Waktu Tanam Baik
14-07-2026 09:03:44,TIDAK HUJAN,8.05,91.95,Waktu Tanam Baik
14-07-2026 09:12:14,TIDAK HUJAN,8.05,91.95,Waktu Tanam Baik
20-07-2026 20:34:02,TIDAK HUJAN,34.06,65.94,Waktu Tanam Baik
20-07-2026 21:03:59,TIDAK HUJAN,34.06,65.94,Waktu Tanam Baik
20-07-2026 21:33:58,TIDAK HUJAN,34.06,65.94,Waktu Tanam Baik
20-07-2026 22:03:57,TIDAK HUJAN,34.06,65.94,Waktu Tanam Baik
20-07-2026 22:33:58,TIDAK HUJAN,34.06,65.94,Waktu Tanam Baik
20-07-2026 23:03:58,TIDAK HUJAN,34.06,65.94,Waktu Tanam Baik
20-07-2026 23:33:58,TIDAK HUJAN,34.06,65.94,Waktu Tanam Baik
21-07-2026 00:03:56,HUJAN,73.38,26.62,Tunda Tanam
21-07-2026 00:06:04,HUJAN,73.38,26.62,Tunda Tanam
21-07-2026 00:33:58,HUJAN,73.38,26.62,Tunda Tanam
21-07-2026 00:36:05,HUJAN,73.38,26.62,Tunda Tanam
21-07-2026 01:27:04,HUJAN,73.38,26.62,Tunda Tanam
22-07-2026 13:52:40,TIDAK HUJAN,39.39,60.61,Waktu Tanam Baik
22-07-2026 13:57:54,BERPOTENSI HUJAN,40.12,59.88,Pertimbangkan Menunda
22-07-2026 14:03:59,BERPOTENSI HUJAN,40.34,59.66,Pertimbangkan Menunda
22-07-2026 14:06:05,TIDAK HUJAN,39.91,60.09,Waktu Tanam Baik
22-07-2026 14:27:53,TIDAK HUJAN,39.91,60.09,Waktu Tanam Baik
22-07-2026 14:33:58,TIDAK HUJAN,39.91,60.09,Waktu Tanam Baik
22-07-2026 14:36:05,TIDAK HUJAN,39.91,60.09,Waktu Tanam Baik
22-07-2026 14:57:53,TIDAK HUJAN,39.91,60.09,Waktu Tanam Baik
22-07-2026 15:03:57,TIDAK HUJAN,39.91,60.09,Waktu Tanam Baik
22-07-2026 15:06:05,TIDAK HUJAN,39.91,60.09,Waktu Tanam Baik
22-07-2026 15:27:53,TIDAK HUJAN,39.91,60.09,Waktu Tanam Baik
22-07-2026 15:33:58,TIDAK HUJAN,39.91,60.09,Waktu Tanam Baik
22-07-2026 15:36:05,TIDAK HUJAN,39.91,60.09,Waktu Tanam Baik
22-07-2026 15:57:53,TIDAK HUJAN,39.91,60.09,Waktu Tanam Baik
25-07-2026 07:59:29,TIDAK HUJAN,11.92,88.08,Waktu Tanam Baik
25-07-2026 08:04:00,TIDAK HUJAN,11.92,88.08,Waktu Tanam Baik
25-07-2026 08:05:07,TIDAK HUJAN,11.92,88.08,Waktu Tanam Baik
25-07-2026 08:06:06,TIDAK HUJAN,11.92,88.08,Waktu Tanam Baik
25-07-2026 08:27:53,TIDAK HUJAN,11.92,88.08,Waktu Tanam Baik
25-07-2026 08:33:58,TIDAK HUJAN,11.92,88.08,Waktu Tanam Baik
25-07-2026 08:35:03,TIDAK HUJAN,11.92,88.08,Waktu Tanam Baik
25-07-2026 08:36:05,TIDAK HUJAN,11.92,88.08,Waktu Tanam Baik
25-07-2026 08:57:54,TIDAK HUJAN,11.92,88.08,Waktu Tanam Baik
25-07-2026 09:03:57,TIDAK HUJAN,11.92,88.08,Waktu Tanam Baik
25-07-2026 09:05:03,TIDAK HUJAN,11.92,88.08,Waktu Tanam Baik
25-07-2026 09:06:05,TIDAK HUJAN,11.92,88.08,Waktu Tanam Baik
25-07-2026 09:27:55,TIDAK HUJAN,11.92,88.08,Waktu Tanam Baik
25-07-2026 09:33:59,TIDAK HUJAN,11.92,88.08,Waktu Tanam Baik
25-07-2026 09:35:03,TIDAK HUJAN,11.92,88.08,Waktu Tanam Baik
25-07-2026 09:36:05,TIDAK HUJAN,11.92,88.08,Waktu Tanam Baik
25-07-2026 09:57:56,TIDAK HUJAN,11.92,88.08,Waktu Tanam Baik
25-07-2026 10:03:57,TIDAK HUJAN,11.92,88.08,Waktu Tanam Baik
25-07-2026 10:05:03,TIDAK HUJAN,11.92,88.08,Waktu Tanam Baik
25-07-2026 10:06:05,TIDAK HUJAN,11.92,88.08,Waktu Tanam Baik
25-07-2026 10:27:54,TIDAK HUJAN,11.92,88.08,Waktu Tanam Baik
25-07-2026 10:33:59,TIDAK HUJAN,11.92,88.08,Waktu Tanam Baik
25-07-2026 10:35:03,TIDAK HUJAN,11.92,88.08,Waktu Tanam Baik
25-07-2026 10:36:06,TIDAK HUJAN,11.92,88.08,Waktu Tanam Baik
25-07-2026 10:57:54,TIDAK HUJAN,11.92,88.08,Waktu Tanam Baik
25-07-2026 11:03:58,TIDAK HUJAN,11.92,88.08,Waktu Tanam Baik
25-07-2026 11:05:02,TIDAK HUJAN,11.92,88.08,Waktu Tanam Baik
25-07-2026 11:06:05,TIDAK HUJAN,11.92,88.08,Waktu Tanam Baik
25-07-2026 11:27:53,TIDAK HUJAN,11.92,88.08,Waktu Tanam Baik
25-07-2026 11:33:58,TIDAK HUJAN,11.92,88.08,Waktu Tanam Baik
25-07-2026 11:35:03,TIDAK HUJAN,11.92,88.08,Waktu Tanam Baik
25-07-2026 11:36:05,TIDAK HUJAN,11.92,88.08,Waktu Tanam Baik
25-07-2026 11:57:53,TIDAK HUJAN,11.92,88.08,Waktu Tanam Baik
25-07-2026 12:03:57,TIDAK HUJAN,11.92,88.08,Waktu Tanam Baik
25-07-2026 12:05:03,TIDAK HUJAN,11.92,88.08,Waktu Tanam Baik
25-07-2026 12:06:05,TIDAK HUJAN,11.92,88.08,Waktu Tanam Baik
25-07-2026 12:27:58,TIDAK HUJAN,11.92,88.08,Waktu Tanam Baik
25-07-2026 12:34:01,TIDAK HUJAN,11.92,88.08,Waktu Tanam Baik
25-07-2026 12:35:03,TIDAK HUJAN,11.92,88.08,Waktu Tanam Baik
25-07-2026 12:36:05,TIDAK HUJAN,11.92,88.08,Waktu Tanam Baik
25-07-2026 12:57:57,TIDAK HUJAN,11.92,88.08,Waktu Tanam Baik
25-07-2026 13:03:57,TIDAK HUJAN,11.92,88.08,Waktu Tanam Baik
25-07-2026 13:05:03,TIDAK HUJAN,11.92,88.08,Waktu Tanam Baik
25-07-2026 13:06:05,TIDAK HUJAN,11.92,88.08,Waktu Tanam Baik
25-07-2026 13:27:56,TIDAK HUJAN,11.92,88.08,Waktu Tanam Baik
25-07-2026 13:34:00,TIDAK HUJAN,11.92,88.08,Waktu Tanam Baik
25-07-2026 13:35:02,TIDAK HUJAN,11.92,88.08,Waktu Tanam Baik
25-07-2026 13:36:05,TIDAK HUJAN,11.92,88.08,Waktu Tanam Baik
25-07-2026 13:57:54,TIDAK HUJAN,9.13,90.87,Waktu Tanam Baik
25-07-2026 14:03:58,TIDAK HUJAN,9.09,90.91,Waktu Tanam Baik
25-07-2026 14:05:03,TIDAK HUJAN,9.09,90.91,Waktu Tanam Baik
25-07-2026 14:06:06,TIDAK HUJAN,9.09,90.91,Waktu Tanam Baik
25-07-2026 14:27:55,TIDAK HUJAN,9.09,90.91,Waktu Tanam Baik
25-07-2026 14:34:00,TIDAK HUJAN,9.09,90.91,Waktu Tanam Baik
25-07-2026 14:35:03,TIDAK HUJAN,9.09,90.91,Waktu Tanam Baik
25-07-2026 14:36:06,TIDAK HUJAN,9.09,90.91,Waktu Tanam Baik
25-07-2026 14:57:55,TIDAK HUJAN,9.09,90.91,Waktu Tanam Baik
25-07-2026 15:03:57,TIDAK HUJAN,9.09,90.91,Waktu Tanam Baik
25-07-2026 15:05:03,TIDAK HUJAN,9.09,90.91,Waktu Tanam Baik
25-07-2026 15:06:06,TIDAK HUJAN,9.09,90.91,Waktu Tanam Baik
25-07-2026 15:27:56,TIDAK HUJAN,9.09,90.91,Waktu Tanam Baik
25-07-2026 15:33:58,TIDAK HUJAN,9.09,90.91,Waktu Tanam Baik
25-07-2026 15:35:02,TIDAK HUJAN,9.09,90.91,Waktu Tanam Baik
25-07-2026 15:36:06,TIDAK HUJAN,9.09,90.91,Waktu Tanam Baik
25-07-2026 15:58:05,TIDAK HUJAN,9.09,90.91,Waktu Tanam Baik
25-07-2026 16:03:57,TIDAK HUJAN,9.09,90.91,Waktu Tanam Baik
25-07-2026 16:05:03,TIDAK HUJAN,9.09,90.91,Waktu Tanam Baik
25-07-2026 16:06:06,TIDAK HUJAN,9.09,90.91,Waktu Tanam Baik
25-07-2026 16:27:54,TIDAK HUJAN,9.09,90.91,Waktu Tanam Baik
25-07-2026 16:34:02,TIDAK HUJAN,9.09,90.91,Waktu Tanam Baik
25-07-2026 16:35:06,TIDAK HUJAN,9.09,90.91,Waktu Tanam Baik
25-07-2026 16:36:08,TIDAK HUJAN,9.09,90.91,Waktu Tanam Baik
25-07-2026 16:57:58,TIDAK HUJAN,9.09,90.91,Waktu Tanam Baik
25-07-2026 17:03:59,TIDAK HUJAN,9.09,90.91,Waktu Tanam Baik
25-07-2026 17:05:05,TIDAK HUJAN,9.09,90.91,Waktu Tanam Baik
25-07-2026 17:06:07,TIDAK HUJAN,9.09,90.91,Waktu Tanam Baik
25-07-2026 17:27:55,TIDAK HUJAN,9.09,90.91,Waktu Tanam Baik
25-07-2026 17:34:00,TIDAK HUJAN,9.09,90.91,Waktu Tanam Baik
25-07-2026 17:35:02,TIDAK HUJAN,9.09,90.91,Waktu Tanam Baik
25-07-2026 17:36:05,TIDAK HUJAN,9.09,90.91,Waktu Tanam Baik
25-07-2026 17:57:55,TIDAK HUJAN,9.09,90.91,Waktu Tanam Baik
25-07-2026 18:03:58,TIDAK HUJAN,9.09,90.91,Waktu Tanam Baik
25-07-2026 18:05:03,TIDAK HUJAN,9.09,90.91,Waktu Tanam Baik
25-07-2026 18:06:05,TIDAK HUJAN,9.09,90.91,Waktu Tanam Baik
25-07-2026 18:27:59,TIDAK HUJAN,9.09,90.91,Waktu Tanam Baik
25-07-2026 18:33:59,TIDAK HUJAN,9.09,90.91,Waktu Tanam Baik
25-07-2026 18:35:03,TIDAK HUJAN,9.09,90.91,Waktu Tanam Baik
25-07-2026 18:36:05,TIDAK HUJAN,9.09,90.91,Waktu Tanam Baik
25-07-2026 19:01:39,TIDAK HUJAN,9.09,90.91,Waktu Tanam Baik
25-07-2026 19:03:58,TIDAK HUJAN,9.09,90.91,Waktu Tanam Baik
25-07-2026 19:05:04,TIDAK HUJAN,9.09,90.91,Waktu Tanam Baik
25-07-2026 19:06:05,TIDAK HUJAN,9.09,90.91,Waktu Tanam Baik
25-07-2026 19:38:10,TIDAK HUJAN,7.83,92.17,Waktu Tanam Baik
25-07-2026 19:57:57,TIDAK HUJAN,7.83,92.17,Waktu Tanam Baik
25-07-2026 20:03:58,TIDAK HUJAN,7.83,92.17,Waktu Tanam Baik
25-07-2026 20:05:05,TIDAK HUJAN,7.83,92.17,Waktu Tanam Baik
25-07-2026 20:06:06,TIDAK HUJAN,7.83,92.17,Waktu Tanam Baik
25-07-2026 20:27:53,TIDAK HUJAN,7.83,92.17,Waktu Tanam Baik
25-07-2026 20:33:59,TIDAK HUJAN,7.83,92.17,Waktu Tanam Baik
25-07-2026 20:35:03,TIDAK HUJAN,7.83,92.17,Waktu Tanam Baik
25-07-2026 20:36:05,TIDAK HUJAN,7.83,92.17,Waktu Tanam Baik
25-07-2026 20:57:56,TIDAK HUJAN,7.83,92.17,Waktu Tanam Baik
25-07-2026 21:03:57,TIDAK HUJAN,7.83,92.17,Waktu Tanam Baik
25-07-2026 21:05:03,TIDAK HUJAN,7.83,92.17,Waktu Tanam Baik
25-07-2026 21:06:05,TIDAK HUJAN,7.83,92.17,Waktu Tanam Baik
25-07-2026 21:27:56,TIDAK HUJAN,7.83,92.17,Waktu Tanam Baik
25-07-2026 21:34:01,TIDAK HUJAN,7.83,92.17,Waktu Tanam Baik
25-07-2026 21:35:03,TIDAK HUJAN,7.83,92.17,Waktu Tanam Baik
25-07-2026 21:36:05,TIDAK HUJAN,7.83,92.17,Waktu Tanam Baik
25-07-2026 21:57:53,TIDAK HUJAN,7.83,92.17,Waktu Tanam Baik
25-07-2026 22:03:57,TIDAK HUJAN,7.83,92.17,Waktu Tanam Baik
25-07-2026 22:05:02,TIDAK HUJAN,7.83,92.17,Waktu Tanam Baik
25-07-2026 22:06:05,TIDAK HUJAN,7.83,92.17,Waktu Tanam Baik
25-07-2026 22:27:53,TIDAK HUJAN,7.83,92.17,Waktu Tanam Baik
25-07-2026 22:33:58,TIDAK HUJAN,7.83,92.17,Waktu Tanam Baik
25-07-2026 22:35:02,TIDAK HUJAN,7.83,92.17,Waktu Tanam Baik
25-07-2026 22:36:05,TIDAK HUJAN,7.83,92.17,Waktu Tanam Baik
25-07-2026 22:57:53,TIDAK HUJAN,7.83,92.17,Waktu Tanam Baik
25-07-2026 23:03:57,TIDAK HUJAN,7.83,92.17,Waktu Tanam Baik
25-07-2026 23:05:02,TIDAK HUJAN,7.83,92.17,Waktu Tanam Baik
25-07-2026 23:06:05,TIDAK HUJAN,7.83,92.17,Waktu Tanam Baik
25-07-2026 23:27:55,TIDAK HUJAN,7.83,92.17,Waktu Tanam Baik
25-07-2026 23:33:58,TIDAK HUJAN,7.83,92.17,Waktu Tanam Baik
25-07-2026 23:35:02,TIDAK HUJAN,7.83,92.17,Waktu Tanam Baik
25-07-2026 23:36:04,TIDAK HUJAN,7.83,92.17,Waktu Tanam Baik
25-07-2026 23:58:03,TIDAK HUJAN,7.83,92.17,Waktu Tanam Baik
26-07-2026 00:03:59,TIDAK HUJAN,17.8,82.2,Waktu Tanam Baik
26-07-2026 00:05:04,TIDAK HUJAN,17.8,82.2,Waktu Tanam Baik
26-07-2026 00:06:05,TIDAK HUJAN,17.8,82.2,Waktu Tanam Baik
26-07-2026 00:27:55,TIDAK HUJAN,17.8,82.2,Waktu Tanam Baik
26-07-2026 00:33:57,TIDAK HUJAN,17.8,82.2,Waktu Tanam Baik
26-07-2026 00:35:02,TIDAK HUJAN,17.8,82.2,Waktu Tanam Baik
26-07-2026 00:36:04,TIDAK HUJAN,17.8,82.2,Waktu Tanam Baik
26-07-2026 00:57:54,TIDAK HUJAN,17.8,82.2,Waktu Tanam Baik
26-07-2026 01:03:57,TIDAK HUJAN,17.8,82.2,Waktu Tanam Baik
26-07-2026 01:05:03,TIDAK HUJAN,17.8,82.2,Waktu Tanam Baik
26-07-2026 01:06:06,TIDAK HUJAN,17.8,82.2,Waktu Tanam Baik
26-07-2026 01:27:53,TIDAK HUJAN,17.8,82.2,Waktu Tanam Baik
26-07-2026 01:33:59,TIDAK HUJAN,17.8,82.2,Waktu Tanam Baik
26-07-2026 01:35:03,TIDAK HUJAN,17.8,82.2,Waktu Tanam Baik
26-07-2026 01:36:05,TIDAK HUJAN,17.8,82.2,Waktu Tanam Baik
26-07-2026 01:57:56,TIDAK HUJAN,17.66,82.34,Waktu Tanam Baik
26-07-2026 02:03:59,TIDAK HUJAN,17.66,82.34,Waktu Tanam Baik
26-07-2026 02:05:04,TIDAK HUJAN,17.66,82.34,Waktu Tanam Baik
26-07-2026 02:06:07,TIDAK HUJAN,17.66,82.34,Waktu Tanam Baik
26-07-2026 02:27:56,TIDAK HUJAN,17.66,82.34,Waktu Tanam Baik
26-07-2026 02:33:58,TIDAK HUJAN,17.66,82.34,Waktu Tanam Baik
26-07-2026 02:35:03,TIDAK HUJAN,17.66,82.34,Waktu Tanam Baik
26-07-2026 02:36:05,TIDAK HUJAN,17.66,82.34,Waktu Tanam Baik
27-07-2026 10:02:46,TIDAK HUJAN,2.05,97.95,Waktu Tanam Baik
27-07-2026 10:03:57,TIDAK HUJAN,2.05,97.95,Waktu Tanam Baik
27-07-2026 10:05:06,TIDAK HUJAN,2.05,97.95,Waktu Tanam Baik
27-07-2026 10:06:13,TIDAK HUJAN,2.05,97.95,Waktu Tanam Baik
27-07-2026 10:27:53,TIDAK HUJAN,2.05,97.95,Waktu Tanam Baik
27-07-2026 10:32:43,TIDAK HUJAN,2.05,97.95,Waktu Tanam Baik
27-07-2026 10:33:58,TIDAK HUJAN,2.05,97.95,Waktu Tanam Baik
27-07-2026 10:35:03,TIDAK HUJAN,2.05,97.95,Waktu Tanam Baik
27-07-2026 10:36:05,TIDAK HUJAN,2.05,97.95,Waktu Tanam Baik
27-07-2026 10:57:53,TIDAK HUJAN,2.05,97.95,Waktu Tanam Baik
27-07-2026 11:02:42,TIDAK HUJAN,2.05,97.95,Waktu Tanam Baik
27-07-2026 11:03:58,TIDAK HUJAN,2.05,97.95,Waktu Tanam Baik
27-07-2026 11:05:03,TIDAK HUJAN,2.05,97.95,Waktu Tanam Baik
27-07-2026 11:06:06,TIDAK HUJAN,2.05,97.95,Waktu Tanam Baik
27-07-2026 11:27:53,TIDAK HUJAN,2.05,97.95,Waktu Tanam Baik
27-07-2026 11:32:43,TIDAK HUJAN,2.05,97.95,Waktu Tanam Baik
27-07-2026 11:34:00,TIDAK HUJAN,2.05,97.95,Waktu Tanam Baik
27-07-2026 11:35:03,TIDAK HUJAN,2.05,97.95,Waktu Tanam Baik
27-07-2026 11:36:06,TIDAK HUJAN,2.05,97.95,Waktu Tanam Baik
27-07-2026 11:57:53,TIDAK HUJAN,2.05,97.95,Waktu Tanam Baik
27-07-2026 12:02:42,TIDAK HUJAN,2.05,97.95,Waktu Tanam Baik
27-07-2026 12:03:57,TIDAK HUJAN,2.05,97.95,Waktu Tanam Baik
27-07-2026 12:05:02,TIDAK HUJAN,2.05,97.95,Waktu Tanam Baik
27-07-2026 12:06:05,TIDAK HUJAN,2.05,97.95,Waktu Tanam Baik
27-07-2026 12:27:53,TIDAK HUJAN,2.05,97.95,Waktu Tanam Baik
27-07-2026 12:32:42,TIDAK HUJAN,2.05,97.95,Waktu Tanam Baik
27-07-2026 12:33:58,TIDAK HUJAN,2.05,97.95,Waktu Tanam Baik
27-07-2026 12:35:03,TIDAK HUJAN,2.05,97.95,Waktu Tanam Baik
27-07-2026 12:36:05,TIDAK HUJAN,2.05,97.95,Waktu Tanam Baik
27-07-2026 12:57:53,TIDAK HUJAN,2.05,97.95,Waktu Tanam Baik
27-07-2026 13:02:41,TIDAK HUJAN,2.05,97.95,Waktu Tanam Baik
27-07-2026 13:03:57,TIDAK HUJAN,2.05,97.95,Waktu Tanam Baik
27-07-2026 13:05:03,TIDAK HUJAN,2.05,97.95,Waktu Tanam Baik
27-07-2026 13:06:04,TIDAK HUJAN,2.05,97.95,Waktu Tanam Baik
27-07-2026 13:27:57,TIDAK HUJAN,2.05,97.95,Waktu Tanam Baik
27-07-2026 13:32:41,TIDAK HUJAN,2.05,97.95,Waktu Tanam Baik
27-07-2026 13:33:58,TIDAK HUJAN,2.05,97.95,Waktu Tanam Baik
27-07-2026 13:35:02,TIDAK HUJAN,2.05,97.95,Waktu Tanam Baik
27-07-2026 13:36:05,TIDAK HUJAN,2.05,97.95,Waktu Tanam Baik
27-07-2026 13:57:55,TIDAK HUJAN,2.15,97.85,Waktu Tanam Baik
27-07-2026 14:02:42,TIDAK HUJAN,2.12,97.88,Waktu Tanam Baik
27-07-2026 14:03:58,TIDAK HUJAN,2.12,97.88,Waktu Tanam Baik
27-07-2026 14:05:04,TIDAK HUJAN,2.12,97.88,Waktu Tanam Baik
27-07-2026 14:06:07,TIDAK HUJAN,2.12,97.88,Waktu Tanam Baik
27-07-2026 21:57:53,TIDAK HUJAN,1.86,98.14,Waktu Tanam Baik
27-07-2026 22:02:42,TIDAK HUJAN,1.86,98.14,Waktu Tanam Baik
27-07-2026 22:03:58,TIDAK HUJAN,1.86,98.14,Waktu Tanam Baik
27-07-2026 22:05:03,TIDAK HUJAN,1.86,98.14,Waktu Tanam Baik
27-07-2026 22:06:06,TIDAK HUJAN,1.86,98.14,Waktu Tanam Baik
27-07-2026 22:27:54,TIDAK HUJAN,1.86,98.14,Waktu Tanam Baik
27-07-2026 22:32:42,TIDAK HUJAN,1.86,98.14,Waktu Tanam Baik
27-07-2026 22:33:59,TIDAK HUJAN,1.86,98.14,Waktu Tanam Baik
27-07-2026 22:35:03,TIDAK HUJAN,1.86,98.14,Waktu Tanam Baik
27-07-2026 22:36:05,TIDAK HUJAN,1.86,98.14,Waktu Tanam Baik
27-07-2026 22:57:54,TIDAK HUJAN,1.86,98.14,Waktu Tanam Baik
27-07-2026 23:02:42,TIDAK HUJAN,1.86,98.14,Waktu Tanam Baik
27-07-2026 23:04:13,TIDAK HUJAN,1.86,98.14,Waktu Tanam Baik
27-07-2026 23:05:02,TIDAK HUJAN,1.86,98.14,Waktu Tanam Baik
27-07-2026 23:06:04,TIDAK HUJAN,1.86,98.14,Waktu Tanam Baik
27-07-2026 23:27:53,TIDAK HUJAN,1.86,98.14,Waktu Tanam Baik
27-07-2026 23:32:41,TIDAK HUJAN,1.86,98.14,Waktu Tanam Baik
27-07-2026 23:33:58,TIDAK HUJAN,1.86,98.14,Waktu Tanam Baik
28-07-2026 00:24:51,TIDAK HUJAN,18.09,81.91,Waktu Tanam Baik
28-07-2026 00:27:53,TIDAK HUJAN,18.09,81.91,Waktu Tanam Baik
28-07-2026 00:30:42,TIDAK HUJAN,18.09,81.91,Waktu Tanam Baik
28-07-2026 00:32:41,TIDAK HUJAN,18.09,81.91,Waktu Tanam Baik
28-07-2026 00:33:58,TIDAK HUJAN,18.09,81.91,Waktu Tanam Baik
28-07-2026 00:35:02,TIDAK HUJAN,18.09,81.91,Waktu Tanam Baik
28-07-2026 00:36:05,TIDAK HUJAN,18.09,81.91,Waktu Tanam Baik
28-07-2026 00:57:53,TIDAK HUJAN,18.09,81.91,Waktu Tanam Baik
28-07-2026 01:00:43,TIDAK HUJAN,18.09,81.91,Waktu Tanam Baik
28-07-2026 01:02:42,TIDAK HUJAN,18.09,81.91,Waktu Tanam Baik
28-07-2026 01:03:57,TIDAK HUJAN,18.09,81.91,Waktu Tanam Baik
28-07-2026 01:05:02,TIDAK HUJAN,18.09,81.91,Waktu Tanam Baik
28-07-2026 01:06:05,TIDAK HUJAN,18.09,81.91,Waktu Tanam Baik
28-07-2026 13:09:20,TIDAK HUJAN,14.28,85.72,Waktu Tanam Baik
28-07-2026 13:27:53,TIDAK HUJAN,14.28,85.72,Waktu Tanam Baik
28-07-2026 13:30:44,TIDAK HUJAN,14.28,85.72,Waktu Tanam Baik
28-07-2026 13:32:42,TIDAK HUJAN,14.28,85.72,Waktu Tanam Baik
28-07-2026 13:33:58,TIDAK HUJAN,14.28,85.72,Waktu Tanam Baik
28-07-2026 13:35:02,TIDAK HUJAN,14.28,85.72,Waktu Tanam Baik
28-07-2026 13:36:05,TIDAK HUJAN,14.28,85.72,Waktu Tanam Baik
28-07-2026 13:57:54,TIDAK HUJAN,16.47,83.53,Waktu Tanam Baik
28-07-2026 14:00:44,TIDAK HUJAN,16.47,83.53,Waktu Tanam Baik
28-07-2026 14:02:42,TIDAK HUJAN,16.96,83.04,Waktu Tanam Baik
28-07-2026 14:03:58,TIDAK HUJAN,16.96,83.04,Waktu Tanam Baik
28-07-2026 14:05:02,TIDAK HUJAN,16.96,83.04,Waktu Tanam Baik
28-07-2026 14:06:06,TIDAK HUJAN,16.96,83.04,Waktu Tanam Baik
28-07-2026 14:27:54,TIDAK HUJAN,16.47,83.53,Waktu Tanam Baik
28-07-2026 14:31:00,TIDAK HUJAN,16.47,83.53,Waktu Tanam Baik
28-07-2026 14:32:44,TIDAK HUJAN,16.47,83.53,Waktu Tanam Baik
28-07-2026 14:34:00,TIDAK HUJAN,16.47,83.53,Waktu Tanam Baik
28-07-2026 14:35:03,TIDAK HUJAN,16.47,83.53,Waktu Tanam Baik
28-07-2026 14:36:07,TIDAK HUJAN,16.47,83.53,Waktu Tanam Baik
28-07-2026 14:57:54,TIDAK HUJAN,16.47,83.53,Waktu Tanam Baik
28-07-2026 15:00:44,TIDAK HUJAN,16.47,83.53,Waktu Tanam Baik
28-07-2026 15:02:43,TIDAK HUJAN,16.47,83.53,Waktu Tanam Baik
28-07-2026 15:03:58,TIDAK HUJAN,16.47,83.53,Waktu Tanam Baik
28-07-2026 15:05:03,TIDAK HUJAN,16.47,83.53,Waktu Tanam Baik
28-07-2026 15:06:06,TIDAK HUJAN,16.47,83.53,Waktu Tanam Baik
28-07-2026 15:27:53,TIDAK HUJAN,16.47,83.53,Waktu Tanam Baik
28-07-2026 15:30:44,TIDAK HUJAN,16.47,83.53,Waktu Tanam Baik
28-07-2026 15:32:42,TIDAK HUJAN,16.47,83.53,Waktu Tanam Baik
28-07-2026 15:33:59,TIDAK HUJAN,16.47,83.53,Waktu Tanam Baik
28-07-2026 15:35:04,TIDAK HUJAN,16.47,83.53,Waktu Tanam Baik
28-07-2026 15:36:07,TIDAK HUJAN,16.47,83.53,Waktu Tanam Baik
28-07-2026 15:57:54,TIDAK HUJAN,16.47,83.53,Waktu Tanam Baik
28-07-2026 16:00:45,TIDAK HUJAN,16.47,83.53,Waktu Tanam Baik
28-07-2026 16:12:26,TIDAK HUJAN,16.47,83.53,Waktu Tanam Baik
28-07-2026 16:27:53,TIDAK HUJAN,16.47,83.53,Waktu Tanam Baik
28-07-2026 16:30:43,TIDAK HUJAN,16.47,83.53,Waktu Tanam Baik
28-07-2026 16:32:42,TIDAK HUJAN,16.47,83.53,Waktu Tanam Baik
28-07-2026 16:33:59,TIDAK HUJAN,16.47,83.53,Waktu Tanam Baik
28-07-2026 16:35:02,TIDAK HUJAN,16.47,83.53,Waktu Tanam Baik
28-07-2026 16:36:05,TIDAK HUJAN,16.47,83.53,Waktu Tanam Baik
28-07-2026 19:48:53,TIDAK HUJAN,18.1,81.9,Waktu Tanam Baik
28-07-2026 19:57:53,TIDAK HUJAN,18.1,81.9,Waktu Tanam Baik
28-07-2026 20:00:43,TIDAK HUJAN,18.1,81.9,Waktu Tanam Baik
28-07-2026 20:02:42,TIDAK HUJAN,18.1,81.9,Waktu Tanam Baik
28-07-2026 20:03:58,TIDAK HUJAN,18.1,81.9,Waktu Tanam Baik
28-07-2026 20:05:03,TIDAK HUJAN,18.1,81.9,Waktu Tanam Baik
28-07-2026 20:06:06,TIDAK HUJAN,18.1,81.9,Waktu Tanam Baik
28-07-2026 20:27:54,TIDAK HUJAN,18.1,81.9,Waktu Tanam Baik
28-07-2026 20:30:43,TIDAK HUJAN,18.1,81.9,Waktu Tanam Baik
28-07-2026 20:32:43,TIDAK HUJAN,18.1,81.9,Waktu Tanam Baik
28-07-2026 20:34:00,TIDAK HUJAN,18.1,81.9,Waktu Tanam Baik
28-07-2026 20:35:03,TIDAK HUJAN,18.1,81.9,Waktu Tanam Baik
28-07-2026 20:36:05,TIDAK HUJAN,18.1,81.9,Waktu Tanam Baik
28-07-2026 20:57:53,TIDAK HUJAN,18.1,81.9,Waktu Tanam Baik
28-07-2026 21:00:43,TIDAK HUJAN,18.1,81.9,Waktu Tanam Baik
28-07-2026 21:02:42,TIDAK HUJAN,18.1,81.9,Waktu Tanam Baik
28-07-2026 21:03:57,TIDAK HUJAN,18.1,81.9,Waktu Tanam Baik
28-07-2026 21:05:04,TIDAK HUJAN,18.1,81.9,Waktu Tanam Baik
28-07-2026 21:06:06,TIDAK HUJAN,18.1,81.9,Waktu Tanam Baik
28-07-2026 21:27:53,TIDAK HUJAN,18.1,81.9,Waktu Tanam Baik
28-07-2026 21:30:43,TIDAK HUJAN,18.1,81.9,Waktu Tanam Baik
28-07-2026 21:32:42,TIDAK HUJAN,18.1,81.9,Waktu Tanam Baik
28-07-2026 21:33:59,TIDAK HUJAN,18.1,81.9,Waktu Tanam Baik
28-07-2026 21:35:03,TIDAK HUJAN,18.1,81.9,Waktu Tanam Baik
28-07-2026 21:36:05,TIDAK HUJAN,18.1,81.9,Waktu Tanam Baik
28-07-2026 21:57:53,TIDAK HUJAN,18.1,81.9,Waktu Tanam Baik
28-07-2026 22:00:43,TIDAK HUJAN,18.1,81.9,Waktu Tanam Baik
28-07-2026 22:02:42,TIDAK HUJAN,18.1,81.9,Waktu Tanam Baik
28-07-2026 22:03:58,TIDAK HUJAN,18.1,81.9,Waktu Tanam Baik
28-07-2026 22:05:03,TIDAK HUJAN,18.1,81.9,Waktu Tanam Baik
28-07-2026 22:06:05,TIDAK HUJAN,18.1,81.9,Waktu Tanam Baik
28-07-2026 22:27:54,TIDAK HUJAN,18.1,81.9,Waktu Tanam Baik
28-07-2026 22:30:43,TIDAK HUJAN,18.1,81.9,Waktu Tanam Baik
28-07-2026 22:32:42,TIDAK HUJAN,18.1,81.9,Waktu Tanam Baik
28-07-2026 22:33:58,TIDAK HUJAN,18.1,81.9,Waktu Tanam Baik
28-07-2026 22:35:02,TIDAK HUJAN,18.1,81.9,Waktu Tanam Baik
28-07-2026 22:36:05,TIDAK HUJAN,18.1,81.9,Waktu Tanam Baik
28-07-2026 22:57:53,TIDAK HUJAN,18.1,81.9,Waktu Tanam Baik
28-07-2026 23:00:43,TIDAK HUJAN,18.1,81.9,Waktu Tanam Baik
28-07-2026 23:02:43,TIDAK HUJAN,18.1,81.9,Waktu Tanam Baik
28-07-2026 23:03:57,TIDAK HUJAN,18.1,81.9,Waktu Tanam Baik
28-07-2026 23:05:02,TIDAK HUJAN,18.1,81.9,Waktu Tanam Baik
28-07-2026 23:06:05,TIDAK HUJAN,18.1,81.9,Waktu Tanam Baik
28-07-2026 23:26:56,TIDAK HUJAN,18.1,81.9,Waktu Tanam Baik
28-07-2026 23:27:53,TIDAK HUJAN,18.1,81.9,Waktu Tanam Baik
28-07-2026 23:30:43,TIDAK HUJAN,18.1,81.9,Waktu Tanam Baik
28-07-2026 23:32:41,TIDAK HUJAN,18.1,81.9,Waktu Tanam Baik
28-07-2026 23:33:58,TIDAK HUJAN,18.1,81.9,Waktu Tanam Baik
28-07-2026 23:35:02,TIDAK HUJAN,18.1,81.9,Waktu Tanam Baik
28-07-2026 23:36:05,TIDAK HUJAN,18.1,81.9,Waktu Tanam Baik
28-07-2026 23:57:53,TIDAK HUJAN,18.1,81.9,Waktu Tanam Baik
29-07-2026 00:00:43,HUJAN,58.42,41.58,Tunda Tanam
29-07-2026 00:02:41,HUJAN,58.42,41.58,Tunda Tanam
29-07-2026 00:03:58,HUJAN,58.42,41.58,Tunda Tanam
30-07-2026 07:02:06,TIDAK HUJAN,36.36,63.64,Waktu Tanam Baik
30-07-2026 07:02:43,TIDAK HUJAN,36.36,63.64,Waktu Tanam Baik
30-07-2026 07:03:57,TIDAK HUJAN,36.36,63.64,Waktu Tanam Baik
30-07-2026 07:05:02,TIDAK HUJAN,36.36,63.64,Waktu Tanam Baik
30-07-2026 07:06:05,TIDAK HUJAN,36.36,63.64,Waktu Tanam Baik
30-07-2026 07:07:17,TIDAK HUJAN,36.36,63.64,Waktu Tanam Baik
30-07-2026 07:27:58,TIDAK HUJAN,34.25,65.75,Waktu Tanam Baik
30-07-2026 07:30:43,TIDAK HUJAN,34.25,65.75,Waktu Tanam Baik
30-07-2026 07:32:42,TIDAK HUJAN,34.25,65.75,Waktu Tanam Baik
30-07-2026 07:33:59,TIDAK HUJAN,34.25,65.75,Waktu Tanam Baik
30-07-2026 07:35:03,TIDAK HUJAN,34.25,65.75,Waktu Tanam Baik
30-07-2026 07:36:05,TIDAK HUJAN,34.25,65.75,Waktu Tanam Baik
30-07-2026 07:37:17,TIDAK HUJAN,34.25,65.75,Waktu Tanam Baik
30-07-2026 07:57:59,TIDAK HUJAN,34.25,65.75,Waktu Tanam Baik
30-07-2026 08:00:44,TIDAK HUJAN,34.25,65.75,Waktu Tanam Baik
30-07-2026 08:02:42,TIDAK HUJAN,34.25,65.75,Waktu Tanam Baik
30-07-2026 08:03:59,TIDAK HUJAN,34.25,65.75,Waktu Tanam Baik
30-07-2026 08:05:10,TIDAK HUJAN,34.25,65.75,Waktu Tanam Baik
30-07-2026 08:06:07,TIDAK HUJAN,34.25,65.75,Waktu Tanam Baik
30-07-2026 08:07:20,TIDAK HUJAN,34.25,65.75,Waktu Tanam Baik
30-07-2026 08:28:01,TIDAK HUJAN,34.25,65.75,Waktu Tanam Baik
30-07-2026 08:30:43,TIDAK HUJAN,34.25,65.75,Waktu Tanam Baik
30-07-2026 08:32:42,TIDAK HUJAN,34.25,65.75,Waktu Tanam Baik
30-07-2026 08:33:58,TIDAK HUJAN,34.25,65.75,Waktu Tanam Baik
30-07-2026 08:35:03,TIDAK HUJAN,34.25,65.75,Waktu Tanam Baik
30-07-2026 08:41:51,TIDAK HUJAN,34.25,65.75,Waktu Tanam Baik
30-07-2026 21:36:40,TIDAK HUJAN,30.78,69.22,Waktu Tanam Baik
30-07-2026 21:37:19,TIDAK HUJAN,30.78,69.22,Waktu Tanam Baik
30-07-2026 21:57:54,TIDAK HUJAN,30.78,69.22,Waktu Tanam Baik
30-07-2026 22:00:43,TIDAK HUJAN,30.78,69.22,Waktu Tanam Baik
30-07-2026 22:02:42,TIDAK HUJAN,30.78,69.22,Waktu Tanam Baik
30-07-2026 22:03:58,TIDAK HUJAN,30.78,69.22,Waktu Tanam Baik
30-07-2026 22:05:03,TIDAK HUJAN,30.78,69.22,Waktu Tanam Baik
30-07-2026 22:06:06,TIDAK HUJAN,30.78,69.22,Waktu Tanam Baik
30-07-2026 22:07:17,TIDAK HUJAN,30.78,69.22,Waktu Tanam Baik
30-07-2026 22:27:54,TIDAK HUJAN,30.78,69.22,Waktu Tanam Baik
30-07-2026 22:30:43,TIDAK HUJAN,30.78,69.22,Waktu Tanam Baik
30-07-2026 22:32:42,TIDAK HUJAN,30.78,69.22,Waktu Tanam Baik
30-07-2026 22:33:58,TIDAK HUJAN,30.78,69.22,Waktu Tanam Baik
30-07-2026 22:35:03,TIDAK HUJAN,30.78,69.22,Waktu Tanam Baik
30-07-2026 22:36:05,TIDAK HUJAN,30.78,69.22,Waktu Tanam Baik
30-07-2026 22:37:16,TIDAK HUJAN,30.78,69.22,Waktu Tanam Baik
30-07-2026 22:57:53,TIDAK HUJAN,30.78,69.22,Waktu Tanam Baik
30-07-2026 23:00:43,TIDAK HUJAN,30.78,69.22,Waktu Tanam Baik
30-07-2026 23:02:42,TIDAK HUJAN,30.78,69.22,Waktu Tanam Baik
30-07-2026 23:03:59,TIDAK HUJAN,30.78,69.22,Waktu Tanam Baik
30-07-2026 23:05:03,TIDAK HUJAN,30.78,69.22,Waktu Tanam Baik
30-07-2026 23:06:07,TIDAK HUJAN,30.78,69.22,Waktu Tanam Baik
30-07-2026 23:07:17,TIDAK HUJAN,30.78,69.22,Waktu Tanam Baik
30-07-2026 23:27:53,TIDAK HUJAN,30.78,69.22,Waktu Tanam Baik
30-07-2026 23:30:44,TIDAK HUJAN,30.78,69.22,Waktu Tanam Baik
30-07-2026 23:32:43,TIDAK HUJAN,30.78,69.22,Waktu Tanam Baik
30-07-2026 23:34:01,TIDAK HUJAN,30.78,69.22,Waktu Tanam Baik
30-07-2026 23:35:03,TIDAK HUJAN,30.78,69.22,Waktu Tanam Baik
30-07-2026 23:36:06,TIDAK HUJAN,30.78,69.22,Waktu Tanam Baik
30-07-2026 23:37:16,TIDAK HUJAN,30.78,69.22,Waktu Tanam Baik
30-07-2026 23:57:54,TIDAK HUJAN,30.78,69.22,Waktu Tanam Baik
31-07-2026 00:00:44,BERPOTENSI HUJAN,42.01,57.99,Pertimbangkan Menunda
03-08-2026 15:34:23,HUJAN,76.55,23.45,Tunda Tanam
03-08-2026 15:35:06,HUJAN,76.55,23.45,Tunda Tanam
03-08-2026 15:36:07,HUJAN,76.55,23.45,Tunda Tanam
03-08-2026 15:37:20,HUJAN,76.55,23.45,Tunda Tanam
03-08-2026 15:39:57,HUJAN,76.55,23.45,Tunda Tanam
03-08-2026 15:57:55,HUJAN,76.55,23.45,Tunda Tanam
08-08-2026 22:02:42,TIDAK HUJAN,22.67,77.33,Waktu Tanam Baik
08-08-2026 22:04:09,TIDAK HUJAN,22.67,77.33,Waktu Tanam Baik
08-08-2026 22:05:05,TIDAK HUJAN,22.67,77.33,Waktu Tanam Baik
08-08-2026 22:06:07,TIDAK HUJAN,22.67,77.33,Waktu Tanam Baik
08-08-2026 22:07:25,TIDAK HUJAN,22.67,77.33,Waktu Tanam Baik
08-08-2026 22:08:17,TIDAK HUJAN,22.67,77.33,Waktu Tanam Baik
08-08-2026 22:09:58,TIDAK HUJAN,22.67,77.33,Waktu Tanam Baik
08-08-2026 22:27:53,TIDAK HUJAN,22.67,77.33,Waktu Tanam Baik
08-08-2026 22:30:44,TIDAK HUJAN,22.67,77.33,Waktu Tanam Baik
08-08-2026 22:32:43,TIDAK HUJAN,22.67,77.33,Waktu Tanam Baik
08-08-2026 22:33:59,TIDAK HUJAN,22.67,77.33,Waktu Tanam Baik
08-08-2026 22:35:03,TIDAK HUJAN,22.67,77.33,Waktu Tanam Baik
08-08-2026 22:36:22,TIDAK HUJAN,22.67,77.33,Waktu Tanam Baik
08-08-2026 22:37:20,TIDAK HUJAN,22.67,77.33,Waktu Tanam Baik
08-08-2026 22:38:18,TIDAK HUJAN,22.67,77.33,Waktu Tanam Baik
08-08-2026 22:39:53,TIDAK HUJAN,22.67,77.33,Waktu Tanam Baik
08-08-2026 22:57:53,TIDAK HUJAN,22.67,77.33,Waktu Tanam Baik
08-08-2026 23:00:43,TIDAK HUJAN,22.67,77.33,Waktu Tanam Baik
08-08-2026 23:02:42,TIDAK HUJAN,22.67,77.33,Waktu Tanam Baik
08-08-2026 23:03:57,TIDAK HUJAN,22.67,77.33,Waktu Tanam Baik
08-08-2026 23:05:03,TIDAK HUJAN,22.67,77.33,Waktu Tanam Baik
08-08-2026 23:06:07,TIDAK HUJAN,22.67,77.33,Waktu Tanam Baik
08-08-2026 23:07:16,TIDAK HUJAN,22.67,77.33,Waktu Tanam Baik
08-08-2026 23:08:13,TIDAK HUJAN,22.67,77.33,Waktu Tanam Baik
08-08-2026 23:09:52,TIDAK HUJAN,22.67,77.33,Waktu Tanam Baik
08-08-2026 23:27:53,TIDAK HUJAN,22.67,77.33,Waktu Tanam Baik
08-08-2026 23:30:44,TIDAK HUJAN,22.67,77.33,Waktu Tanam Baik
08-08-2026 23:32:45,TIDAK HUJAN,22.67,77.33,Waktu Tanam Baik
08-08-2026 23:34:00,TIDAK HUJAN,22.67,77.33,Waktu Tanam Baik
08-08-2026 23:35:03,TIDAK HUJAN,22.67,77.33,Waktu Tanam Baik
08-08-2026 23:36:06,TIDAK HUJAN,22.67,77.33,Waktu Tanam Baik
08-08-2026 23:37:17,TIDAK HUJAN,22.67,77.33,Waktu Tanam Baik
08-08-2026 23:38:14,TIDAK HUJAN,22.67,77.33,Waktu Tanam Baik
08-08-2026 23:39:52,TIDAK HUJAN,22.67,77.33,Waktu Tanam Baik
09-08-2026 21:02:49,TIDAK HUJAN,24.07,75.93,Waktu Tanam Baik
09-08-2026 21:03:58,TIDAK HUJAN,24.07,75.93,Waktu Tanam Baik
09-08-2026 21:05:03,TIDAK HUJAN,24.07,75.93,Waktu Tanam Baik
09-08-2026 21:06:07,TIDAK HUJAN,24.07,75.93,Waktu Tanam Baik
09-08-2026 21:07:17,TIDAK HUJAN,24.07,75.93,Waktu Tanam Baik
09-08-2026 21:08:13,TIDAK HUJAN,24.07,75.93,Waktu Tanam Baik
09-08-2026 21:09:52,TIDAK HUJAN,24.07,75.93,Waktu Tanam Baik
09-08-2026 21:27:54,TIDAK HUJAN,24.07,75.93,Waktu Tanam Baik
09-08-2026 21:30:43,TIDAK HUJAN,24.07,75.93,Waktu Tanam Baik
09-08-2026 21:32:43,TIDAK HUJAN,24.07,75.93,Waktu Tanam Baik
09-08-2026 21:33:58,TIDAK HUJAN,24.07,75.93,Waktu Tanam Baik
09-08-2026 21:35:03,TIDAK HUJAN,24.07,75.93,Waktu Tanam Baik
09-08-2026 21:36:05,TIDAK HUJAN,24.07,75.93,Waktu Tanam Baik
09-08-2026 21:37:16,TIDAK HUJAN,24.07,75.93,Waktu Tanam Baik
09-08-2026 21:38:13,TIDAK HUJAN,24.07,75.93,Waktu Tanam Baik
09-08-2026 21:39:52,TIDAK HUJAN,24.07,75.93,Waktu Tanam Baik
09-08-2026 21:57:53,TIDAK HUJAN,24.07,75.93,Waktu Tanam Baik
09-08-2026 22:00:43,TIDAK HUJAN,24.07,75.93,Waktu Tanam Baik
09-08-2026 22:02:43,TIDAK HUJAN,24.07,75.93,Waktu Tanam Baik
09-08-2026 22:03:58,TIDAK HUJAN,24.07,75.93,Waktu Tanam Baik
09-08-2026 22:05:02,TIDAK HUJAN,24.07,75.93,Waktu Tanam Baik
09-08-2026 22:06:05,TIDAK HUJAN,24.07,75.93,Waktu Tanam Baik
09-08-2026 22:07:17,TIDAK HUJAN,24.07,75.93,Waktu Tanam Baik
09-08-2026 22:08:13,TIDAK HUJAN,24.07,75.93,Waktu Tanam Baik
09-08-2026 22:09:53,TIDAK HUJAN,24.07,75.93,Waktu Tanam Baik
09-08-2026 22:27:53,TIDAK HUJAN,24.07,75.93,Waktu Tanam Baik
09-08-2026 22:30:44,TIDAK HUJAN,24.07,75.93,Waktu Tanam Baik
09-08-2026 22:32:42,TIDAK HUJAN,24.07,75.93,Waktu Tanam Baik
09-08-2026 22:33:58,TIDAK HUJAN,24.07,75.93,Waktu Tanam Baik
09-08-2026 22:35:03,TIDAK HUJAN,24.07,75.93,Waktu Tanam Baik
09-08-2026 22:36:06,TIDAK HUJAN,24.07,75.93,Waktu Tanam Baik
09-08-2026 22:37:17,TIDAK HUJAN,24.07,75.93,Waktu Tanam Baik
09-08-2026 22:38:13,TIDAK HUJAN,24.07,75.93,Waktu Tanam Baik
09-08-2026 22:39:52,TIDAK HUJAN,24.07,75.93,Waktu Tanam Baik
09-08-2026 22:57:53,TIDAK HUJAN,24.07,75.93,Waktu Tanam Baik
09-08-2026 23:00:43,TIDAK HUJAN,24.07,75.93,Waktu Tanam Baik
09-08-2026 23:02:43,TIDAK HUJAN,24.07,75.93,Waktu Tanam Baik
09-08-2026 23:03:58,TIDAK HUJAN,24.07,75.93,Waktu Tanam Baik
09-08-2026 23:05:03,TIDAK HUJAN,24.07,75.93,Waktu Tanam Baik
09-08-2026 23:06:06,TIDAK HUJAN,24.07,75.93,Waktu Tanam Baik
09-08-2026 23:07:17,TIDAK HUJAN,24.07,75.93,Waktu Tanam Baik
09-08-2026 23:08:13,TIDAK HUJAN,24.07,75.93,Waktu Tanam Baik
09-08-2026 23:09:52,TIDAK HUJAN,24.07,75.93,Waktu Tanam Baik
09-08-2026 23:27:54,TIDAK HUJAN,24.07,75.93,Waktu Tanam Baik
09-08-2026 23:30:43,TIDAK HUJAN,24.07,75.93,Waktu Tanam Baik
09-08-2026 23:32:42,TIDAK HUJAN,24.07,75.93,Waktu Tanam Baik
09-08-2026 23:34:00,TIDAK HUJAN,24.07,75.93,Waktu Tanam Baik
09-08-2026 23:35:03,TIDAK HUJAN,24.07,75.93,Waktu Tanam Baik
09-08-2026 23:36:06,TIDAK HUJAN,24.07,75.93,Waktu Tanam Baik
09-08-2026 23:37:16,TIDAK HUJAN,24.07,75.93,Waktu Tanam Baik
09-08-2026 23:38:15,TIDAK HUJAN,24.07,75.93,Waktu Tanam Baik
09-08-2026 23:39:52,TIDAK HUJAN,24.07,75.93,Waktu Tanam Baik
09-08-2026 23:57:54,TIDAK HUJAN,24.07,75.93,Waktu Tanam Baik
10-08-2026 00:00:43,TIDAK HUJAN,8.59,91.41,Waktu Tanam Baik
10-08-2026 00:02:42,TIDAK HUJAN,8.59,91.41,Waktu Tanam Baik
10-08-2026 00:03:57,TIDAK HUJAN,8.59,91.41,Waktu Tanam Baik
10-08-2026 00:05:03,TIDAK HUJAN,8.59,91.41,Waktu Tanam Baik
10-08-2026 00:06:05,TIDAK HUJAN,8.59,91.41,Waktu Tanam Baik
10-08-2026 00:07:18,TIDAK HUJAN,8.59,91.41,Waktu Tanam Baik
10-08-2026 00:08:13,TIDAK HUJAN,8.59,91.41,Waktu Tanam Baik
10-08-2026 00:09:52,TIDAK HUJAN,8.59,91.41,Waktu Tanam Baik
10-08-2026 00:27:53,TIDAK HUJAN,8.59,91.41,Waktu Tanam Baik
10-08-2026 00:30:43,TIDAK HUJAN,8.59,91.41,Waktu Tanam Baik
10-08-2026 00:32:42,TIDAK HUJAN,8.59,91.41,Waktu Tanam Baik
10-08-2026 00:33:59,TIDAK HUJAN,8.59,91.41,Waktu Tanam Baik
10-08-2026 00:35:02,TIDAK HUJAN,8.59,91.41,Waktu Tanam Baik
10-08-2026 00:36:05,TIDAK HUJAN,8.59,91.41,Waktu Tanam Baik
10-08-2026 00:37:16,TIDAK HUJAN,8.59,91.41,Waktu Tanam Baik
10-08-2026 00:38:12,TIDAK HUJAN,8.59,91.41,Waktu Tanam Baik
10-08-2026 00:39:52,TIDAK HUJAN,8.59,91.41,Waktu Tanam Baik
